{"cameraMode":{"drawMode":0,"name":"Shaded","section":"Shading Mode"},"sceneLighting":false,"audioPlay":false,"sceneViewState":{"showFog":true,"showMaterialUpdate":false,"showSkybox":true,"showFlares":true,"showImageEffects":true,"showParticleSystems":true},"in2DMode":false,"pivot":{"x":-0.003814488649368286,"y":0.13255900144577027,"z":-0.002021685242652893},"rotation":{"x":-0.07736808061599732,"y":-0.9109088182449341,"z":0.19987241923809052,"w":-0.35257670283317568},"size":0.4175594449043274,"orthographic":true}