{"cameraMode":{"drawMode":0,"name":"Shaded","section":"Shading Mode"},"sceneLighting":false,"audioPlay":false,"sceneViewState":{"showFog":true,"showMaterialUpdate":false,"showSkybox":true,"showFlares":true,"showImageEffects":true,"showParticleSystems":true},"in2DMode":false,"pivot":{"x":-0.003814488649368286,"y":0.13255900144577027,"z":-0.002021685242652893},"rotation":{"x":0.15680089592933656,"y":0.024588432163000108,"z":-0.003905361518263817,"w":0.987316370010376},"size":104.87559509277344,"orthographic":true}